StudentID,Name,Branch,Semester,Gender,Attendance,StudyHours,Python,DataScience,Maths,DBMS,AssignmentScore,Backlogs
1001,Anaya Desai,Computer,5,Female,84.5,3.8,99.0,89.0,83.0,82.0,79.6,0
1002,Meera Patel,Mechanical,6,Female,74.2,1.4,61.0,64.0,83.0,68.0,76.7,1
1003,Harsh Joshi,IT,6,Male,72.4,2.0,74.0,61.0,50.0,57.0,69.6,1
1004,Jay Vora,Electronics,4,Female,74.7,1.8,63.0,68.0,58.0,57.0,66.1,1
1005,Pooja Shah,Electrical,5,Male,75.3,2.4,58.0,73.0,58.0,65.0,63.4,0
1006,Riya Mehta,IT,4,Female,56.6,1.5,20.0,37.0,42.0,43.0,43.9,1
1007,Om Gandhi,Mechanical,4,Male,59.5,1.1,32.0,50.0,52.0,45.0,37.3,1
1008,Tanvi Shah,Mechanical,4,Male,81.4,3.0,77.0,84.0,89.0,78.0,78.3,0
1009,Riya Parekh,IT,5,Male,83.3,2.8,61.0,75.0,68.0,62.0,59.9,0
1010,Anaya Desai,Civil,3,Male,81.7,2.8,62.0,63.0,64.0,58.0,50.7,0
1011,Meera Patel,Electronics,6,Female,48.8,0.3,50.0,44.0,46.0,38.0,45.9,3
1012,Kavya Shah,Electronics,5,Female,94.9,2.9,25.0,10.0,9.0,25.0,34.9,0
1013,Krish Joshi,Mechanical,5,Female,83.9,1.6,60.0,65.0,67.0,66.0,72.0,0
1014,Diya Desai,Electronics,4,Male,52.6,1.2,41.0,32.0,45.0,61.0,54.5,0
1015,Harsh Gandhi,Mechanical,5,Female,76.8,1.1,63.0,50.0,56.0,49.0,69.4,0
1016,Om Joshi,Electrical,6,Male,58.0,1.7,33.0,40.0,41.0,39.0,32.2,3
1017,Jay Patel,Computer,6,Female,64.1,1.2,75.0,65.0,55.0,49.0,69.0,0
1018,Aarav Patel,Electrical,5,Female,72.3,1.4,63.0,63.0,70.0,71.0,72.7,1
1019,Meera Desai,Computer,3,Female,71.3,2.3,64.0,68.0,54.0,65.0,61.2,1
1020,Rohan Vora,Civil,5,Male,100.0,3.9,85.0,60.0,76.0,74.0,76.2,0
1021,Anaya Mehta,Civil,6,Male,97.4,2.3,55.0,65.0,71.0,49.0,68.3,0
1022,Harsh Joshi,Civil,4,Female,75.7,3.0,58.0,54.0,65.0,70.0,69.7,0
1023,Aarav Gandhi,Computer,3,Male,67.0,2.4,67.0,53.0,61.0,75.0,59.3,0
1024,Rohan Modi,Mechanical,5,Male,83.9,4.0,79.0,82.0,82.0,84.0,98.8,1
1025,Pooja Parekh,Civil,5,Female,69.1,1.6,68.0,69.0,52.0,49.0,62.0,0
1026,Anaya Shah,Mechanical,3,Female,78.5,3.5,57.0,54.0,62.0,83.0,69.4,0
1027,Tanvi Shah,Electrical,3,Male,90.7,3.8,79.0,90.0,90.0,89.0,74.8,0
1028,Pooja Mehta,Civil,4,Female,70.6,1.5,62.0,63.0,60.0,68.0,69.8,1
1029,Vihaan Joshi,Electrical,6,Male,70.7,2.5,68.0,57.0,56.0,70.0,75.2,1
1030,Anaya Parekh,IT,3,Female,77.9,3.2,68.0,61.0,67.0,50.0,70.5,1
1031,Sneha Joshi,IT,3,Female,81.5,3.9,81.0,77.0,98.0,79.0,90.7,0
1032,Riya Joshi,Civil,6,Male,61.2,1.6,43.0,41.0,30.0,36.0,47.2,5
1033,Arjun Vora,Civil,6,Male,54.9,0.2,47.0,45.0,39.0,40.0,,0
1034,Anaya Trivedi,Electrical,5,Female,81.9,,52.0,56.0,61.0,42.0,56.6,0
1035,Rohan Trivedi,Civil,4,Male,72.5,1.9,52.0,66.0,57.0,55.0,66.0,1
1036,Harsh Parekh,IT,3,Male,56.2,0.0,41.0,38.0,49.0,29.0,47.8,1
1037,Vihaan Modi,Electronics,6,Male,84.8,1.5,76.0,61.0,65.0,64.0,83.2,0
1038,Sneha Mehta,Electronics,4,Female,84.9,1.9,64.0,46.0,62.0,55.0,67.4,0
1039,Tanvi Parekh,Mechanical,6,Female,63.1,2.3,25.0,37.0,36.0,44.0,57.5,0
1040,Anaya Desai,Civil,4,Female,73.6,2.3,70.0,59.0,57.0,56.0,,0
1041,Riya Gandhi,Mechanical,6,Male,80.5,1.6,68.0,57.0,57.0,76.0,68.5,1
1042,Nidhi Shah,Electronics,3,Female,71.8,2.8,45.0,57.0,67.0,70.0,69.7,0
1043,Arjun Parekh,Electronics,5,Male,80.4,2.2,42.0,68.0,64.0,75.0,62.9,2
1044,Jay Modi,IT,6,Female,47.0,1.0,40.0,36.0,50.0,48.0,37.6,1
1045,Krish Shah,Electrical,4,Female,98.5,3.2,80.0,80.0,86.0,80.0,96.4,0
1046,Harsh Gandhi,Electrical,5,Female,77.5,2.6,52.0,58.0,62.0,60.0,78.7,1
1047,Kavya Parekh,Electronics,6,Female,83.8,2.7,61.0,53.0,69.0,66.0,66.6,0
1048,Dev Vora,Civil,5,Female,92.6,2.5,32.0,9.0,31.0,28.0,19.4,0
1049,Yash Gandhi,IT,3,Female,64.9,1.3,44.0,39.0,48.0,39.0,45.9,3
1050,Kavya Desai,Computer,4,Female,66.6,2.0,69.0,61.0,61.0,62.0,71.3,0
1051,Rohan Parekh,Electrical,3,Male,79.3,1.9,60.0,55.0,64.0,45.0,69.2,0
1052,Kavya Mehta,Electrical,6,Male,84.0,1.4,72.0,67.0,71.0,74.0,82.9,1
1053,Nidhi Trivedi,IT,6,Female,85.3,2.0,54.0,57.0,62.0,71.0,69.6,0
1054,Tanvi Patel,Electronics,4,Male,82.3,1.0,69.0,65.0,74.0,50.0,87.4,0
1055,Yash Mehta,Electrical,3,Male,85.6,2.3,71.0,55.0,63.0,66.0,83.8,0
1056,Nidhi Mehta,Computer,5,Male,81.4,2.6,64.0,59.0,72.0,70.0,78.4,1
1057,Isha Trivedi,Civil,4,Female,79.6,0.9,64.0,72.0,66.0,72.0,76.8,0
1058,Meera Vora,Electronics,4,Male,76.7,1.9,59.0,70.0,50.0,58.0,66.1,0
1059,Om Mehta,Mechanical,3,Male,86.8,3.9,80.0,87.0,67.0,91.0,79.8,1
1060,Pooja Shah,IT,5,Female,92.5,5.4,12.0,23.0,10.0,26.0,60.2,2
1061,Tanvi Modi,Electronics,3,Male,72.9,1.9,58.0,64.0,59.0,62.0,61.9,1
1062,Anaya Vora,Computer,6,Female,95.4,0.8,17.0,11.0,24.0,8.0,23.2,1
1063,Vihaan Vora,Electrical,3,Male,76.4,2.8,67.0,47.0,55.0,66.0,78.6,0
1064,Jay Parekh,Computer,3,Female,87.9,3.4,82.0,83.0,85.0,71.0,70.5,0
1065,Krish Patel,Civil,6,Female,59.9,1.3,37.0,55.0,30.0,41.0,48.9,3
1066,Harsh Patel,Civil,3,Female,57.3,0.9,43.0,46.0,43.0,45.0,55.4,1
1067,Krish Gandhi,IT,5,Male,99.9,1.2,30.0,13.0,20.0,24.0,56.6,0
1068,Dev Parekh,Electrical,3,Female,71.1,1.4,69.0,72.0,73.0,67.0,78.3,0
1069,Jay Gandhi,Electrical,4,Female,24.5,5.4,92.0,78.0,90.0,80.0,50.0,0
1070,Vihaan Shah,Computer,5,Female,70.3,1.8,56.0,69.0,66.0,57.0,71.6,2
1071,Meera Gandhi,Civil,3,Female,81.4,1.7,62.0,64.0,64.0,66.0,69.4,0
1072,Jay Mehta,Computer,4,Female,75.1,2.0,62.0,63.0,64.0,51.0,67.7,0
1073,Harsh Joshi,Computer,5,Female,62.9,0.7,46.0,31.0,43.0,39.0,43.7,1
1074,Sneha Gandhi,Mechanical,5,Female,52.9,0.3,47.0,32.0,35.0,43.0,40.4,1
1075,Arjun Mehta,Mechanical,6,Male,58.7,0.3,50.0,45.0,43.0,36.0,58.9,2
1076,Nidhi Desai,Electronics,6,Female,70.5,1.6,56.0,69.0,52.0,56.0,73.7,0
1077,Riya Patel,Mechanical,3,Female,95.3,3.0,89.0,86.0,88.0,78.0,75.7,0
1078,Om Trivedi,Civil,4,Male,54.1,1.3,36.0,39.0,31.0,38.0,34.3,1
1079,Anaya Desai,Electrical,6,Male,89.0,3.8,77.0,76.0,83.0,75.0,90.5,0
1080,Pooja Trivedi,Mechanical,5,Male,62.5,1.4,58.0,69.0,63.0,55.0,64.4,0
1081,Om Patel,Electronics,5,Female,74.2,1.2,51.0,59.0,65.0,54.0,76.3,0
1082,Dev Trivedi,IT,6,Female,73.7,1.8,68.0,64.0,64.0,59.0,57.2,1
1083,Meera Trivedi,Electronics,3,Male,89.6,1.5,62.0,65.0,59.0,62.0,,0
1084,Kavya Shah,Civil,4,Female,93.7,3.4,86.0,81.0,83.0,91.0,97.6,0
1085,Arjun Trivedi,IT,5,Male,46.4,3.7,92.0,80.0,89.0,87.0,49.0,0
1086,Isha Modi,Electronics,5,Female,79.9,1.6,62.0,70.0,64.0,64.0,62.2,0
1087,Pooja Parekh,Computer,3,Male,79.9,1.4,69.0,65.0,71.0,64.0,62.2,0
1088,Vihaan Patel,Civil,4,Female,78.5,2.2,66.0,58.0,63.0,65.0,78.2,1
1089,Harsh Joshi,IT,3,Male,80.8,1.4,53.0,72.0,49.0,63.0,71.2,0
1090,Yash Vora,Electronics,5,Female,64.8,3.0,34.0,30.0,45.0,44.0,45.8,4
1091,Isha Gandhi,Civil,5,Female,63.2,0.9,38.0,35.0,33.0,35.0,38.2,3
1092,Om Joshi,Electrical,3,Female,86.7,1.7,88.0,85.0,83.0,84.0,81.0,0
1093,Sneha Patel,Mechanical,4,Female,54.0,1.1,39.0,39.0,41.0,41.0,46.7,0
1094,Rohan Mehta,Mechanical,3,Male,58.1,1.3,28.0,30.0,43.0,39.0,59.3,3
1095,Vihaan Vora,Computer,3,Female,75.6,1.5,78.0,66.0,52.0,62.0,78.6,1
1096,Vihaan Modi,Electrical,5,Male,79.3,2.5,62.0,52.0,56.0,63.0,64.7,1
1097,Om Shah,Electrical,5,Male,79.9,2.1,55.0,63.0,62.0,62.0,71.1,0
1098,Aarav Mehta,Electrical,5,Female,50.0,0.6,36.0,48.0,38.0,45.0,39.4,1
1099,Arjun Patel,Mechanical,4,Female,84.4,4.9,76.0,77.0,68.0,95.0,77.3,0
1100,Yash Patel,Electronics,3,Female,69.4,2.2,64.0,55.0,56.0,59.0,60.4,2
1101,Rohan Joshi,Electrical,3,Female,55.5,0.2,41.0,37.0,39.0,41.0,34.1,0
1102,Rohan Trivedi,Civil,3,Female,94.2,2.5,81.0,78.0,83.0,72.0,91.1,0
1103,Krish Gandhi,Mechanical,4,Male,75.3,2.6,54.0,67.0,68.0,44.0,77.4,0
1104,Riya Trivedi,Electronics,4,Male,76.4,1.8,67.0,76.0,61.0,54.0,84.3,0
1105,Dev Gandhi,IT,3,Male,57.8,0.6,33.0,21.0,45.0,48.0,44.2,1
1106,Diya Joshi,Electrical,4,Male,76.7,3.1,77.0,74.0,89.0,76.0,86.2,0
1107,Aarav Mehta,Electrical,5,Female,83.5,1.3,67.0,64.0,44.0,65.0,64.6,1
1108,Diya Mehta,Electronics,3,Male,68.4,0.5,38.0,32.0,43.0,44.0,47.8,1
1109,Vihaan Parekh,Electrical,6,Male,85.1,1.8,68.0,59.0,67.0,67.0,67.6,1
1110,Sneha Gandhi,IT,5,Male,67.9,2.0,62.0,52.0,59.0,61.0,64.2,0
1111,Yash Modi,Mechanical,6,Female,72.4,3.0,61.0,67.0,53.0,64.0,66.1,0
1112,Om Shah,IT,3,Male,76.3,2.0,60.0,64.0,57.0,65.0,75.8,0
1113,Aarav Desai,Computer,3,Male,77.6,2.0,59.0,73.0,66.0,63.0,71.1,0
1114,Sneha Mehta,Computer,4,Male,85.7,3.7,71.0,72.0,75.0,85.0,85.3,0
1115,Nidhi Gandhi,IT,5,Male,86.1,2.9,56.0,61.0,55.0,70.0,81.4,0
1116,Rohan Desai,Electrical,3,Male,87.2,4.0,76.0,91.0,79.0,70.0,87.4,0
1117,Diya Vora,Mechanical,5,Female,95.0,3.2,85.0,82.0,78.0,72.0,94.4,0
1118,Meera Vora,Electronics,4,Male,81.3,2.2,62.0,66.0,63.0,63.0,55.2,0
1119,Diya Mehta,IT,4,Male,85.2,,87.0,93.0,79.0,74.0,81.5,0
1120,Krish Parekh,Civil,4,Male,76.4,2.1,53.0,50.0,58.0,67.0,60.7,0
1121,Om Parekh,Civil,6,Female,81.5,0.6,54.0,56.0,76.0,53.0,60.2,0
1122,Isha Mehta,Computer,3,Male,57.7,1.6,28.0,41.0,40.0,36.0,51.2,1
1123,Om Trivedi,Mechanical,4,Male,32.3,6.1,84.0,85.0,95.0,90.0,65.6,1
1124,Anaya Mehta,Electrical,5,Female,92.7,1.4,66.0,59.0,58.0,68.0,80.7,0
1125,Yash Vora,Mechanical,5,Female,75.0,2.2,69.0,60.0,70.0,55.0,61.6,0
1126,Aarav Parekh,IT,5,Female,100.0,3.0,80.0,78.0,78.0,73.0,78.8,0
1127,Meera Mehta,Mechanical,3,Male,96.4,5.2,14.0,13.0,23.0,18.0,29.8,0
1128,Nidhi Desai,Civil,5,Male,59.8,1.2,47.0,41.0,36.0,40.0,53.5,2
1129,Meera Trivedi,Civil,5,Male,82.0,1.5,66.0,50.0,70.0,74.0,69.4,0
1130,Jay Shah,Mechanical,3,Female,84.5,1.8,56.0,54.0,60.0,58.0,71.5,0
1131,Tanvi Gandhi,Civil,3,Female,52.6,0.7,36.0,51.0,34.0,42.0,44.5,2
1132,Dev Trivedi,IT,5,Female,60.0,3.1,55.0,71.0,63.0,65.0,56.9,0
1133,Riya Trivedi,Civil,5,Female,59.7,2.1,43.0,29.0,22.0,39.0,31.0,1
1134,Harsh Vora,Civil,6,Male,65.5,2.6,27.0,47.0,41.0,39.0,46.6,3
1135,Meera Vora,Computer,5,Male,97.0,4.5,78.0,82.0,81.0,77.0,80.5,0
1136,Tanvi Shah,Mechanical,5,Male,71.9,2.5,58.0,55.0,56.0,73.0,59.3,0
1137,Diya Shah,Computer,3,Male,62.9,,36.0,36.0,36.0,25.0,32.5,1
1138,Diya Desai,Electrical,5,Male,56.5,1.3,54.0,34.0,43.0,28.0,45.9,1
1139,Krish Modi,Electronics,6,Female,75.3,2.0,71.0,61.0,68.0,60.0,63.9,0
1140,Meera Gandhi,Mechanical,3,Male,69.2,1.4,56.0,52.0,51.0,66.0,67.4,0
1141,Tanvi Vora,Electronics,4,Female,72.6,2.0,54.0,51.0,61.0,63.0,60.4,0
1142,Harsh Modi,Computer,4,Female,73.0,2.0,61.0,60.0,78.0,54.0,74.2,0
1143,Vihaan Trivedi,Mechanical,6,Female,88.2,4.2,87.0,79.0,80.0,95.0,85.1,0
1144,Sneha Modi,Computer,4,Male,78.0,1.0,55.0,61.0,72.0,65.0,,0
1145,Riya Joshi,Civil,6,Male,49.4,1.7,38.0,33.0,42.0,37.0,55.8,2
1146,Kavya Gandhi,Civil,6,Female,94.2,3.2,79.0,72.0,74.0,96.0,79.0,0
1147,Meera Mehta,Mechanical,6,Female,92.3,3.7,85.0,83.0,89.0,78.0,86.6,0
1148,Anaya Shah,Civil,3,Male,84.2,2.7,61.0,60.0,67.0,70.0,64.3,0
1149,Tanvi Mehta,Computer,3,Female,90.0,4.0,83.0,92.0,73.0,75.0,86.8,0
1150,Kavya Shah,Electronics,6,Female,70.7,3.0,53.0,57.0,48.0,56.0,77.2,0
1151,Anaya Vora,Mechanical,4,Female,59.9,1.4,27.0,28.0,42.0,31.0,34.2,1
1152,Om Gandhi,Civil,6,Male,73.0,1.5,68.0,67.0,53.0,44.0,68.9,1
1153,Kavya Trivedi,Electrical,4,Male,79.4,1.8,53.0,59.0,58.0,66.0,61.4,0
1154,Jay Joshi,Electrical,4,Female,91.3,3.6,86.0,79.0,81.0,76.0,81.5,0
1155,Riya Mehta,Electrical,5,Female,82.2,1.8,61.0,59.0,69.0,56.0,71.3,0
1156,Dev Gandhi,Electrical,4,Male,85.9,3.8,70.0,79.0,73.0,69.0,89.4,0
1157,Isha Shah,IT,5,Male,63.9,0.8,36.0,45.0,52.0,26.0,41.5,1
1158,Sneha Patel,Electronics,4,Female,76.5,1.8,61.0,70.0,51.0,58.0,75.6,1
1159,Pooja Shah,IT,6,Female,84.8,3.6,74.0,79.0,81.0,88.0,93.3,0
1160,Yash Trivedi,Civil,6,Female,57.2,2.1,42.0,37.0,36.0,41.0,43.5,4
1161,Rohan Modi,Computer,3,Female,80.3,1.9,73.0,55.0,53.0,70.0,69.1,0
1162,Meera Shah,Electrical,4,Female,73.0,2.3,67.0,66.0,66.0,58.0,77.6,1
1163,Om Joshi,Electrical,6,Male,97.6,4.3,77.0,93.0,78.0,74.0,90.1,1
1164,Aarav Mehta,Civil,6,Male,57.4,0.9,39.0,45.0,56.0,39.0,32.4,2
1165,Anaya Gandhi,Civil,4,Male,83.8,2.3,70.0,60.0,72.0,68.0,61.3,0
1166,Kavya Patel,Electrical,3,Female,93.3,5.0,33.0,14.0,14.0,8.0,33.2,0
1167,Vihaan Shah,Electronics,3,Male,68.6,0.6,52.0,37.0,47.0,40.0,22.3,2
1168,Pooja Vora,IT,6,Female,89.6,3.2,79.0,73.0,90.0,84.0,,0
1169,Krish Joshi,IT,6,Female,78.2,3.0,82.0,89.0,94.0,88.0,83.3,0
1170,Aarav Parekh,Mechanical,5,Female,69.1,1.7,68.0,60.0,53.0,59.0,75.2,1
1171,Sneha Trivedi,IT,6,Male,93.1,3.9,82.0,80.0,70.0,82.0,96.1,0
1172,Rohan Mehta,Mechanical,5,Male,86.6,2.6,57.0,68.0,55.0,56.0,50.6,0
1173,Diya Patel,Electronics,3,Female,71.0,1.5,57.0,65.0,67.0,72.0,55.1,2
1174,Om Parekh,Civil,3,Male,62.5,0.5,52.0,41.0,42.0,41.0,43.9,1
1175,Pooja Shah,IT,5,Female,58.7,1.3,37.0,40.0,44.0,38.0,,2
1176,Nidhi Vora,Electronics,3,Female,96.2,3.3,74.0,93.0,91.0,98.0,86.7,0
1177,Harsh Parekh,Computer,6,Female,56.3,1.7,37.0,36.0,45.0,36.0,31.4,1
1178,Sneha Joshi,Electronics,3,Female,81.9,3.5,84.0,100.0,73.0,91.0,77.1,0
1179,Diya Parekh,Electronics,3,Male,60.8,1.0,50.0,45.0,39.0,44.0,47.6,4
1180,Anaya Vora,Computer,6,Male,79.0,1.6,63.0,61.0,63.0,58.0,70.5,0
1181,Vihaan Parekh,Electrical,6,Female,65.7,0.2,36.0,38.0,43.0,38.0,50.1,0
1182,Om Trivedi,Computer,4,Female,43.4,1.2,55.0,36.0,34.0,47.0,44.0,0
1183,Diya Joshi,Computer,6,Male,66.0,1.1,34.0,49.0,40.0,38.0,39.9,2
1184,Harsh Joshi,Electronics,3,Male,62.9,1.0,40.0,53.0,42.0,46.0,47.6,2
1185,Sneha Trivedi,Electrical,4,Male,81.6,,53.0,71.0,58.0,53.0,60.7,1
1186,Harsh Shah,IT,6,Female,82.6,1.3,52.0,50.0,67.0,51.0,62.8,1
1187,Kavya Modi,IT,6,Female,63.2,0.9,37.0,41.0,43.0,32.0,39.3,3
1188,Krish Desai,Electronics,6,Female,95.2,4.0,85.0,72.0,81.0,92.0,85.5,0
1189,Sneha Shah,Computer,5,Female,67.2,2.3,47.0,54.0,60.0,67.0,82.0,0
1190,Harsh Patel,Civil,4,Female,79.3,1.5,58.0,68.0,72.0,53.0,,0
1191,Riya Joshi,Computer,5,Male,88.2,2.6,72.0,84.0,73.0,81.0,86.5,0
1192,Isha Gandhi,Computer,5,Male,72.1,1.6,56.0,65.0,68.0,73.0,76.9,0
1193,Aarav Joshi,IT,4,Female,78.9,1.9,74.0,53.0,61.0,60.0,76.1,0
1194,Anaya Modi,Civil,3,Female,69.1,2.4,67.0,65.0,55.0,58.0,61.9,0
1195,Krish Shah,Civil,6,Female,77.4,3.1,66.0,49.0,56.0,65.0,69.6,1
1196,Isha Shah,IT,4,Male,65.0,2.3,51.0,65.0,66.0,69.0,74.5,1
1197,Nidhi Trivedi,Electronics,5,Male,48.1,1.3,38.0,51.0,46.0,48.0,34.6,2
1198,Vihaan Patel,Mechanical,6,Female,43.0,6.8,86.0,97.0,85.0,78.0,38.8,0
1199,Nidhi Parekh,Computer,4,Male,76.1,2.9,60.0,65.0,49.0,57.0,79.9,0
1200,Nidhi Mehta,Mechanical,6,Female,72.1,1.9,59.0,57.0,45.0,58.0,64.9,0
1201,Meera Vora,Mechanical,5,Female,55.4,1.0,33.0,53.0,44.0,39.0,48.1,1
1202,Kavya Patel,Electronics,3,Female,73.1,2.1,49.0,55.0,48.0,59.0,71.1,0
1203,Jay Trivedi,Electronics,3,Female,85.3,3.1,85.0,87.0,94.0,70.0,93.2,0
1204,Kavya Mehta,IT,5,Female,63.8,1.4,35.0,43.0,35.0,32.0,48.2,2
1205,Pooja Gandhi,Civil,5,Female,51.2,0.5,31.0,41.0,47.0,28.0,41.7,1
1206,Kavya Mehta,Computer,6,Male,56.8,1.6,33.0,34.0,36.0,35.0,54.4,1
1207,Om Joshi,Mechanical,4,Female,86.0,3.3,85.0,90.0,81.0,86.0,95.4,0
1208,Isha Joshi,IT,3,Male,93.3,3.2,74.0,85.0,81.0,80.0,79.7,0
1209,Anaya Joshi,Computer,4,Female,52.5,0.1,42.0,48.0,50.0,42.0,34.0,2
1210,Harsh Modi,Civil,3,Male,50.2,0.0,45.0,34.0,47.0,44.0,40.4,1
1211,Arjun Parekh,Civil,5,Male,96.0,3.7,86.0,86.0,83.0,84.0,,0
1212,Kavya Trivedi,Computer,6,Female,79.6,2.0,51.0,70.0,51.0,59.0,,1
1213,Kavya Gandhi,Electronics,6,Female,74.6,2.9,65.0,63.0,70.0,68.0,63.2,0
1214,Sneha Vora,Computer,3,Male,84.7,1.6,49.0,58.0,58.0,59.0,,0
1215,Aarav Vora,IT,3,Female,90.8,4.4,76.0,91.0,87.0,88.0,92.6,0
1216,Aarav Gandhi,Mechanical,4,Male,81.7,2.4,56.0,65.0,66.0,65.0,60.8,1
1217,Riya Joshi,Mechanical,6,Female,69.3,2.8,59.0,52.0,67.0,65.0,72.9,1
1218,Yash Modi,Mechanical,4,Male,53.8,0.1,40.0,42.0,35.0,35.0,35.5,4
1219,Nidhi Desai,IT,4,Male,69.9,1.6,71.0,56.0,57.0,64.0,55.4,1
1220,Tanvi Desai,Civil,3,Female,100.0,3.1,82.0,81.0,73.0,77.0,92.4,0
1221,Isha Trivedi,Civil,5,Female,84.2,1.6,55.0,48.0,56.0,69.0,74.9,0
1222,Aarav Joshi,IT,5,Male,83.3,2.4,60.0,52.0,75.0,56.0,73.0,2
1223,Dev Mehta,IT,6,Male,80.2,1.6,73.0,53.0,71.0,69.0,77.4,0
1224,Meera Gandhi,Mechanical,5,Female,73.0,2.5,73.0,51.0,52.0,49.0,81.9,0
1225,Tanvi Parekh,IT,4,Male,87.7,2.1,72.0,66.0,62.0,54.0,62.4,0
1226,Meera Joshi,Electronics,4,Female,87.5,1.4,53.0,64.0,67.0,67.0,72.5,0
1227,Anaya Vora,Civil,3,Male,70.7,2.4,61.0,54.0,57.0,66.0,50.9,2
1228,Tanvi Joshi,Mechanical,3,Male,59.3,0.0,47.0,38.0,38.0,37.0,44.2,2
1229,Jay Modi,Mechanical,5,Male,82.6,2.6,68.0,65.0,67.0,56.0,68.1,0
1230,Anaya Joshi,Electrical,4,Male,63.1,,46.0,51.0,32.0,48.0,47.3,2
1231,Aarav Patel,Computer,5,Female,92.7,2.9,75.0,83.0,80.0,82.0,94.1,0
1232,Meera Gandhi,Mechanical,6,Male,78.4,4.0,82.0,64.0,90.0,80.0,93.5,0
1233,Tanvi Trivedi,Mechanical,3,Female,52.3,1.5,42.0,37.0,33.0,31.0,64.5,2
1234,Nidhi Patel,Mechanical,4,Male,81.9,1.4,54.0,70.0,55.0,78.0,56.6,2
1235,Tanvi Mehta,Computer,4,Male,78.1,0.9,71.0,65.0,62.0,63.0,45.9,0
1236,Vihaan Vora,Electrical,3,Female,88.5,2.3,47.0,45.0,50.0,63.0,80.8,0
1237,Meera Modi,IT,3,Male,87.8,2.1,70.0,73.0,76.0,60.0,71.1,0
1238,Jay Desai,IT,4,Female,74.4,1.3,63.0,67.0,69.0,60.0,65.9,0
1239,Dev Gandhi,Computer,5,Female,71.7,1.3,64.0,60.0,66.0,74.0,62.2,0
1240,Nidhi Parekh,Computer,4,Male,82.7,2.1,69.0,50.0,57.0,54.0,69.3,0
1241,Nidhi Trivedi,IT,5,Male,61.1,0.6,43.0,43.0,54.0,45.0,36.4,0
1242,Rohan Parekh,Civil,4,Female,74.0,0.6,45.0,46.0,27.0,42.0,34.9,3
1243,Meera Vora,Civil,6,Male,62.9,0.3,42.0,43.0,49.0,57.0,46.1,2
1244,Meera Patel,Mechanical,3,Male,86.1,2.7,58.0,57.0,69.0,59.0,56.3,1
1245,Om Mehta,Civil,4,Female,95.4,2.9,86.0,84.0,91.0,93.0,74.2,0
1246,Om Patel,Computer,4,Male,80.6,2.8,82.0,78.0,77.0,71.0,81.9,0
1247,Pooja Shah,IT,5,Female,85.1,2.4,62.0,67.0,61.0,59.0,73.7,0
1248,Nidhi Mehta,Mechanical,6,Female,86.0,3.9,83.0,83.0,74.0,74.0,75.5,0
1249,Dev Desai,Electronics,6,Male,100.0,3.2,75.0,87.0,96.0,73.0,93.0,0
1250,Kavya Vora,Mechanical,6,Female,86.2,3.9,77.0,79.0,90.0,85.0,100.0,0
1251,Riya Trivedi,Electrical,4,Female,66.5,1.5,33.0,43.0,44.0,48.0,43.5,1
1252,Pooja Parekh,Civil,5,Male,91.7,4.3,81.0,89.0,68.0,83.0,73.0,0
1253,Krish Trivedi,Electronics,3,Female,34.9,4.5,83.0,85.0,84.0,78.0,89.1,0
1254,Yash Shah,Electrical,6,Male,55.7,0.2,49.0,40.0,41.0,30.0,38.8,2
1255,Nidhi Vora,Civil,5,Female,81.9,2.3,64.0,58.0,66.0,50.0,63.2,0
1256,Krish Modi,Electronics,3,Female,53.3,1.5,29.0,41.0,44.0,36.0,48.6,1
1257,Aarav Mehta,Civil,5,Female,78.2,1.3,64.0,57.0,57.0,63.0,77.1,1
1258,Riya Patel,Computer,3,Female,43.2,1.2,46.0,35.0,39.0,37.0,46.8,0
1259,Diya Trivedi,Mechanical,5,Female,58.4,,44.0,34.0,46.0,42.0,,0
1260,Rohan Shah,Mechanical,6,Female,73.7,2.1,59.0,62.0,60.0,50.0,62.3,1
1261,Aarav Patel,Electrical,4,Male,52.6,1.5,47.0,36.0,44.0,35.0,39.4,1
1262,Riya Gandhi,IT,3,Male,82.3,2.5,62.0,58.0,62.0,42.0,72.9,2
1263,Jay Patel,Civil,6,Male,76.9,2.1,56.0,64.0,65.0,59.0,82.7,1
1264,Meera Parekh,Computer,6,Female,56.1,0.8,40.0,40.0,25.0,47.0,37.8,4
1265,Isha Vora,Electrical,4,Female,89.7,2.1,76.0,53.0,64.0,60.0,80.1,0
1266,Arjun Joshi,Civil,3,Male,92.0,2.4,83.0,87.0,86.0,81.0,80.2,1
1267,Vihaan Gandhi,Electronics,6,Female,77.1,2.0,60.0,50.0,68.0,70.0,70.6,1
1268,Vihaan Desai,IT,5,Male,100.0,,90.0,75.0,88.0,81.0,93.4,0
1269,Tanvi Desai,Mechanical,5,Male,61.2,1.2,29.0,44.0,33.0,39.0,40.5,3
1270,Yash Modi,Mechanical,5,Male,94.4,2.7,71.0,60.0,68.0,67.0,57.5,1
1271,Diya Gandhi,Electrical,6,Male,27.8,6.4,86.0,92.0,89.0,79.0,97.7,0
1272,Diya Trivedi,Computer,6,Female,61.7,0.7,36.0,41.0,35.0,39.0,44.1,2
1273,Krish Vora,IT,6,Male,62.8,1.2,54.0,46.0,40.0,34.0,34.6,1
1274,Meera Modi,Mechanical,6,Female,59.1,0.7,48.0,42.0,45.0,43.0,47.4,1
1275,Harsh Mehta,Electrical,5,Female,98.7,1.5,23.0,16.0,29.0,23.0,36.2,0
1276,Dev Patel,IT,4,Female,34.3,4.3,99.0,98.0,84.0,90.0,85.7,0
1277,Pooja Desai,Computer,3,Male,79.8,2.9,67.0,81.0,73.0,82.0,83.7,0
1278,Meera Mehta,Mechanical,3,Male,97.1,3.8,84.0,70.0,91.0,81.0,81.6,0
1279,Pooja Trivedi,Mechanical,3,Male,43.1,5.6,88.0,99.0,94.0,91.0,71.5,0
1280,Sneha Parekh,Mechanical,3,Female,74.5,1.5,62.0,53.0,63.0,66.0,73.2,1
1281,Riya Mehta,Civil,6,Male,61.8,,35.0,49.0,57.0,41.0,47.4,1
1282,Krish Shah,Mechanical,6,Female,86.2,3.3,82.0,89.0,76.0,61.0,90.9,0
1283,Jay Joshi,Computer,6,Female,88.2,4.4,79.0,79.0,77.0,86.0,83.1,1
1284,Kavya Modi,IT,3,Male,69.8,1.9,68.0,62.0,65.0,66.0,62.9,1
1285,Sneha Joshi,Electrical,4,Female,52.8,1.6,37.0,45.0,43.0,38.0,39.1,2
1286,Diya Shah,Computer,6,Female,57.6,1.1,39.0,34.0,42.0,33.0,,1
1287,Harsh Vora,Mechanical,5,Male,65.1,0.6,45.0,39.0,46.0,52.0,46.6,1
1288,Om Gandhi,Electronics,3,Female,63.0,0.9,35.0,43.0,29.0,27.0,48.8,2
1289,Meera Trivedi,Mechanical,4,Male,80.5,1.5,74.0,55.0,73.0,54.0,75.7,0
1290,Rohan Patel,IT,5,Female,53.8,0.2,42.0,35.0,51.0,43.0,47.0,2
1291,Meera Mehta,Electronics,4,Female,72.0,2.1,59.0,59.0,62.0,67.0,60.1,0
1292,Pooja Desai,Civil,3,Male,74.1,3.0,65.0,57.0,53.0,64.0,73.3,0
1293,Om Parekh,Computer,6,Male,61.5,1.1,35.0,40.0,39.0,34.0,36.5,2
1294,Aarav Vora,Electronics,5,Female,83.8,1.6,59.0,58.0,62.0,67.0,56.5,0
1295,Krish Gandhi,IT,4,Female,61.3,0.7,49.0,51.0,36.0,38.0,46.9,1
1296,Aarav Desai,Electronics,6,Male,85.0,2.4,56.0,59.0,72.0,63.0,62.0,0
1297,Tanvi Trivedi,Electronics,4,Female,89.2,3.8,75.0,71.0,85.0,89.0,93.0,0
1298,Arjun Parekh,Civil,6,Female,84.7,4.5,86.0,90.0,90.0,90.0,85.6,0
1299,Sneha Trivedi,Electronics,3,Male,78.0,,63.0,64.0,53.0,62.0,68.1,1
1300,Arjun Joshi,Civil,3,Male,61.7,0.5,45.0,46.0,37.0,26.0,28.3,3
